date_time,latitude,longitude,depth,magnitude,location
30 June 2019 - 11:41 PM,09.52,126.06,044,3.0,015km S 42° E of Socorro (Surigao Del Norte)
30 June 2019 - 08:11 PM,05.88,125.93,187,2.7,"035
      km S 89° E of Jose Abad Santos (Davao Occidental)"
30 June 2019 - 07:29 PM,05.33,127.39,170,3.3,"206km S 
      45° E of Governor Generoso (Davao Oriental)"
30 June 2019 - 07:19 PM,07.75,126.61,031,2.6,018km S 75° E of Cateel (Davao Oriental)
30 June 2019 - 07:15 PM,13.72,125.12,001,2.5,"0779km 
      S 85° E of Gigmoto (Catanduanes)"
30 June 2019 - 05:24 PM,09.70,126.08,022,2.2,007km S 28° E of Dapa (Dinagat)
30 June 2019 - 04:55 PM,09.97,126.07,033,2.1,006km S 02° E of Burgos (Surigao Del Norte)
30 June 2019 - 04:03 PM,08.21,126.86,013,2.9,"053
      km N 69° E of Lingig (Surigao Del Sur)"
30 June 2019 - 03:58 PM,08.19,126.85,018,2.7,060km S 70° E of Hinatuan (Surigao Del Sur)
30 June 2019 - 03:42 PM,05.78,125.72,056,2.9,016km S 47° E of Jose Abad Santos (Davao Occidental)
30 June 2019 - 03:32 PM,15.07,120.29,032,1.6,018km N 31° E of Castillejos (Zambales)
30 June 2019 - 02:41 PM,17.34,120.39,039,2.1,006km N 84° W of San Esteban (Ilocos Sur)
30 June 2019 - 02:40 PM,08.46,126.65,019,2.2,"036
      km N 73° E of Hinatuan (Surigao Del Sur)"
30 June 2019 - 02:30 PM,08.34,126.14,033,1.9,021km S 83° W of Hinatuan (Surigao Del Sur)
30 June 2019 - 12:01 PM,08.32,125.72,029,1.9,011km N 88° W of La Paz (Agusan Del Sur)
30 June 2019 - 11:21 AM,08.27,125.83,019,2.2,005km S 20° E of La Paz (Agusan Del Sur)
30 June 2019 - 10:45 AM,08.49,126.80,001,2.6,052km N 75° E of Hinatuan (Surigao Del Sur)
30 June 2019 - 10:14 AM,09.81,126.29,014,3.5,"015
      km N 78° E of General Luna (Surigao Del Norte)"
30 June 2019 - 09:40 AM,13.17,124.20,082,3.1,008km S 74° E of Rapu-rapu (Albay)
30 June 2019 - 09:10 AM,06.90,123.76,001,4.0,039km N 77° W of South Upi (Maguindanao)
30 June 2019 - 08:36 AM,08.36,126.46,001,2.3,014km S 87° E of Hinatuan (Surigao Del Sur)
30 June 2019 - 07:40 AM,08.32,125.71,024,1.9,011km N 85° W of La Paz (Agusan Del Sur)
30 June 2019 - 06:52 AM,19.94,120.30,001,2.5,"142
      km N 60° W of Calayan (Cagayan)"
30 June 2019 - 05:02 AM,11.92,125.64,22,2.1,021km S 54° W of Dolores (Eastern Samar)
30 June 2019 - 04:12 AM,09.68,124.85,026,2.1,035km S 43° W of Limasawa (Southern Leyte)
30 June 2019 - 03:42 AM,17.94,120.87,081,3.2,020km N 18° W of Tineg (Abra)
30 June 2019 - 03:59 AM,09.66,124.90,022,1.6,034km S 34° W of Limasawa (Southern Leyte)
30 June 2019 - 03:00 AM,09.60,124.95,030,5.0,038km S 20° W of Limasawa (Southern Leyte)
30 June 2019 - 02:20 AM,15.94,124.75,033,1.7,219km N 17° E of Pandan (Catanduanes)
30 June 2019 - 01:00 AM,08.29,125.86,022,2.2,005km S 62° E of La Paz (Agusan Del Sur)
30 June 2019 - 12:50 AM,13.59,121.45,008,1.9,027km S 12° E of San Juan (Batangas)
30 June 2019 - 12:20 AM,11.24,124.60,005,2.3,008km S 34° W of Capoocan (Leyte)
30 June 2019 - 12:02 AM,08.48,126.66,031,2.2,038km N 71° E of Hinatuan (Surigao Del Sur)
29 June 2019 - 11:54 PM,19.08,120.94,011,3.2,054km N 16° W of Claveria (Cagayan)
29 June 2019 - 11:46 PM,13.44,123.62,009,2.2,022km N 39° E of Polangui (Albay)
29 June 2019 - 11:19 PM,11.74,125.17,017,1.7,032km S 75° W of Sulat (Eastern Samar)
29 June 2019 - 10:21 PM,17.03,121.53,026,2.1,018km N 25° E of Alfonso Lista (Potia) (Ifugao)
29 June 2019 - 10:15 PM,15.04,120.25,033,1.7,013km N 21° E of Castillejos (Zambales)
29 June 2019 - 09:45 PM,09.57,126.20,017,2.1,024km S 11° E of General Luna (Surigao Del Norte)
29 June 2019 - 09:02 PM,08.42,126.27,023,1.9,030km N 82° E of Rosario (Agusan Del Sur)
29 June 2019 - 08:54 PM,11.75,125.28,049,3.5,019km S 89° W of San Julian (Eastern Samar)
29 June 2019 - 08:24 PM,13.98,120.11,010,2.7,014km N 05° W of Lubang (Occidental Mindoro)
29 June 2019 - 07:51 PM,12.62,124.99,029,2.5,006km N 21° W of Laoang (Northern Samar)
29 June 2019 - 07:05 PM,15.04,120.00,027,2.7,008km S 72° W of San Felipe (Zambales)
29 June 2019 - 04:08 PM,08.26,127.19,002,4.8,088km N 74° E of Lingig (Surigao Del Sur)
29 June 2019 - 03:19 PM,17.59,121.03,006,2.6,019km N 36° E of Daguioman (Abra)
29 June 2019 - 01:02 PM,08.28,127.13,001,3.8,083km N 71° E of Lingig (Surigao Del Sur)
29 June 2019 - 10:57 AM,17.25,119.96,007,2.4,052km N 83° W of Candon City (Ilocos Sur)
29 June 2019 - 09:43 AM,16.36,121.02,012,2.6,005km N 21° W of Aritao (Nueva Vizcaya)
29 June 2019 - 07:27 AM,08.33,126.91,003,2.7,063km S 86° E of Hinatuan (Surigao Del Sur)
29 June 2019 - 07:16 AM,08.78,122.55,016,1.9,062km S 59° W of Siaton (Negros Oriental)
29 June 2019 - 07:12 AM,09.00,125.93,025,1.7,013km N 63° W of San Miguel (Surigao Del Sur)
29 June 2019 - 06:29 AM,08.26,127.11,023,3.4,080km N 73° E of Lingig (Surigao Del Sur)
29 June 2019 - 05:39 AM,08.30,126.78,004,3.0,050km S 82° E of Hinatuan (Surigao Del Sur)
29 June 2019 - 05:14 AM,09.41,126.45,031,2.3,031km N 63° E of Cortes (Surigao Del Sur)
29 June 2019 - 03:29 AM,11.22,124.67,033,2.3,009km S 19° E of Capoocan (Leyte)
29 June 2019 - 03:13 AM,08.33,127.06,006,3.6,079km N 66° E of Lingig (Surigao Del Sur)
29 June 2019 - 03:10 AM,13.58,120.61,126,2.6,020km N 43° W of Abra De Ilog (Occidental Mindoro)
29 June 2019 - 02:26 AM,06.56,125.27,018,2.5,009km S 58° W of Sulop (Davao Del Sur)
29 June 2019 - 01:51 AM,08.26,126.98,008,3.5,067km N 69° E of Lingig (Surigao Del Sur)
29 June 2019 - 01:17 AM,10.20,125.67,060,1.9,014km N 86° E of Libjo (Albor) (Surigao Del Norte)
29 June 2019 - 01:08 AM,19.20,121.26,014,1.9,024km S 66° W of Calayan (Cagayan)
29 June 2019 - 12:46 AM,08.32,125.80,032,2.4,002km N 49° W of La Paz (Agusan Del Sur)
29 June 2019 - 12:18 AM,19.32,121.16,022,3.0,032km N 83° W of Calayan (Cagayan)
28 June 2019 - 11:08 PM,18.43,120.08,032,3.0,060km S 82° W of Burgos (Ilocos Norte)
28 June 2019 - 06:12 PM,08.30,125.88,004,3.8,007km S 83° E of La Paz (Agusan Del Sur)
28 June 2019 - 05:39 PM,09.87,125.45,031,2.2,010km N 28° W of Surigao City (Surigao Del Norte)
28 June 2019 - 04:47 PM,05.20,126.37,007,2.7,103km S 75° E of Sarangani (Davao Occidental)
28 June 2019 - 03:53 PM,08.32,125.90,006,3.4,010km N 86° E of La Paz (Agusan Del Sur)
28 June 2019 - 03:04 PM,08.29,125.88,010,4.2,008km S 72° E of La Paz (Agusan Del Sur)
28 June 2019 - 10:09 AM,18.69,120.97,026,2.2,015km N 09° E of Santa Praxedes (Cagayan)
28 June 2019 - 08:06 AM,05.77,126.06,125,3.1,051km S 76° E of Jose Abad Santos (Davao Occidental)
28 June 2019 - 07:52 AM,14.77,119.78,033,2.2,039km S 60° W of San Antonio (Zambales)
28 June 2019 - 06:16 AM,15.08,119.72,035,1.8,039km S 45° W of Iba (Zambales)
28 June 2019 - 05:43 AM,10.53,125.43,037,1.7,028km N 46° E of Hinundayan (Southern Leyte)
28 June 2019 - 05:28 AM,08.05,126.15,014,2.8,001km S 48° E of San Isidro (Agusan Del Sur)
28 June 2019 - 02:48 AM,12.53,124.52,005,2.3,014km N 75° W of Catarman (Northern Samar)
28 June 2019 - 02:20 AM,08.45,126.23,132,2.8,014km N 53° W of Hinatuan (Surigao Del Sur)
28 June 2019 - 02:08 AM,10.26,122.78,010,1.7,024km S 42° W of La Carlota City (Negros Occidental)
28 June 2019 - 01:57 AM,14.73,119.92,016,2.7,030km S 36° W of San Antonio (Zambales)
28 June 2019 - 01:46 AM,10.36,122.47,008,2.0,019km S 22° W of Nueva Valencia (Guimaras)
28 June 2019 - 01:36 AM,06.56,126.36,021,3.1,033km S 73° E of Governor Generoso (Davao Oriental)
27 June 2019 - 10:56 PM,13.09,120.98,019,2.3,027km N 86° E of Santa Cruz (Occidental Mindoro)
27 June 2019 - 09:40 PM,17.43,122.57,006,2.7,030km N 70° E of Divilacan (Isabela)
27 June 2019 - 09:37 PM,17.43,122.64,001,3.8,037km N 74° E of Divilacan (Isabela)
27 June 2019 - 08:31 PM,17.42,122.49,006,2.5,022km N 65° E of Divilacan (Isabela)
27 June 2019 - 07:50 PM,08.40,125.83,032,2.5,007km S 42° E of Talacogon (Agusan Del Sur)
27 June 2019 - 06:02 PM,09.65,126.24,034,2.0,017km S 31° E of General Luna (Surigao Del Norte)
27 June 2019 - 03:14 PM,05.83,127.20,084,2.6,154km S 54° E of Governor Generoso (Davao Oriental)
27 June 2019 - 02:53 PM,09.13,126.39,025,3.1,021km N 33° E of Bayabas (Surigao Del Sur)
27 June 2019 - 09:34 AM,11.19,124.63,001,2.3,021km N 05° E of Ormoc City (Leyte)
27 June 2019 - 07:12 AM,10.09,126.69,019,3.5,068km N 83° E of Burgos (Surigao Del Norte)
27 June 2019 - 05:10 AM,10.59,125.37,022,2.1,029km N 42° E of Hinunangan (Southern Leyte)
27 June 2019 - 05:05 AM,13.68,120.19,010,2.6,008km S 49° W of Looc (Occidental Mindoro)
27 June 2019 - 03:56 AM,18.21,120.80,031,1.8,008km N 83° W of Carasi (Ilocos Norte)
27 June 2019 - 03:50 AM,09.32,126.43,015,2.7,026km N 80° E of Cortes (Surigao Del Sur)
27 June 2019 - 01:52 AM,12.45,126.42,033,2.7,103km N 73° E of San Policarpo (Eastern Samar)
27 June 2019 - 12:51 AM,10.02,126.71,017,3.3,067km N 67° E of General Luna (Surigao Del Norte)
26 June 2019 - 11:53 PM,13.52,120.54,029,1.7,014km N 32° E of Paluan (Occidental Mindoro)
26 June 2019 - 11:25 PM,08.40,126.63,018,2.5,032km N 85° E of Hinatuan (Surigao Del Sur)
26 June 2019 - 11:02 PM,05.08,125.48,187,2.8,039km S 01° E of Sarangani (Davao Occidental)
26 June 2019 - 10:05 PM,10.04,126.16,011,3.5,010km N 79° E of Burgos (Surigao Del Norte)
26 June 2019 - 09:41 PM,10.43,125.08,034,2.1,012km N 68° E of Sogod (Southern Leyte)
26 June 2019 - 08:24 PM,13.57,121.41,011,2.0,024km S 70° E of Lobo (Batangas)
26 June 2019 - 07:33 PM,18.64,120.82,011,2.9,007km N 21° E of Pagudpud (Ilocos Norte)
26 June 2019 - 04:33 PM,09.48,122.55,012,2.2,010km S 32° E of Hinoba-an (Negros Occidental)
26 June 2019 - 04:04 PM,10.13,126.73,001,3.4,073km N 81° E of Burgos (Surigao Del Norte)
26 June 2019 - 01:47 PM,09.14,122.09,062,2.6,065km S 44° W of Hinoba-an (Negros Occidental)
26 June 2019 - 01:11 PM,09.56,126.20,032,1.8,026km S 11° E of General Luna (Surigao Del Norte)
26 June 2019 - 12:47 PM,13.73,120.64,115,2.1,012km S 02° E of Calatagan (Batangas)
26 June 2019 - 12:45 PM,18.79,121.12,042,1.7,020km N 13° E of Claveria (Cagayan)
26 June 2019 - 11:47 AM,14.44,123.74,001,2.4,060km N 04° E of Garchitorena (Camarines Sur)
26 June 2019 - 08:59 AM,13.95,120.46,112,2.4,023km N 56° W of Calatagan (Batangas)
26 June 2019 - 08:19 AM,08.88,126.08,030,1.6,009km S 29° E of San Miguel (Surigao Del Sur)
26 June 2019 - 07:30 AM,09.38,126.37,015,3.6,023km N 58° E of Cortes (Surigao Del Sur)
26 June 2019 - 04:49 AM,18.16,121.41,024,2.7,006km S 06° W of Flora (Apayao)
26 June 2019 - 04:07 AM,09.26,126.27,022,2.3,009km S 77° E of Cortes (Surigao Del Sur)
26 June 2019 - 01:45 AM,12.39,123.65,012,2.2,003km N 51° E of Masbate (Masbate)
26 June 2019 - 01:33 AM,16.42,121.13,019,2.8,005km N 41° E of Bambang (Nueva Vizcaya)
26 June 2019 - 01:16 AM,14.62,119.24,017,2.6,099km S 68° W of San Antonio (Zambales)
26 June 2019 - 12:32 AM,14.16,120.44,062,1.9,022km N 65° W of Nasugbu (Batangas)
26 June 2019 - 12:30 AM,12.44,123.63,021,1.8,008km N 03° E of Masbate (Masbate)
25 June 2019 - 11:45 PM,05.68,125.61,193,3.3,022km S 03° W of Jose Abad Santos (Davao Occidental)
25 June 2019 - 11:05 PM,07.24,124.66,023,2.0,012km N 34° E of Aeosan (North Cotabato)
25 June 2019 - 10:45 PM,10.03,123.21,018,2.0,003km S 83° W of La Libertad (Negros Oriental)
25 June 2019 - 09:53 PM,12.41,120.93,010,2.8,007km S 46° W of Rizal (Occidental Mindoro)
25 June 2019 - 08:39 PM,12.44,124.08,055,3.0,011km N 80° W of Capul (Northern Samar)
25 June 2019 - 08:15 PM,18.17,120.71,001,2.4,013km S 77° E of Laoag City (Ilocos Norte)
25 June 2019 - 04:52 PM,14.64,123.43,031,2.9,077km N 41° E of Daet (Camarines Norte)
25 June 2019 - 02:57 PM,18.97,122.05,007,2.9,058km N 09° W of Santa Ana (Cagayan)
25 June 2019 - 02:23 PM,09.58,126.16,032,1.8,022km S 01° W of General Luna (Surigao Del Norte)
25 June 2019 - 08:13 AM,08.66,126.74,022,2.7,051km S 72° E of Marihatag (Surigao Del Sur)
25 June 2019 - 06:44 AM,13.07,124.24,017,2.2,021km N 82° E of Bacon (Sorsogon)
25 June 2019 - 06:08 AM,11.78,125.17,028,2.2,014km N 55° E of Hinabangan (Western Samar)
25 June 2019 - 05:26 AM,11.37,125.35,038,3.2,026km N 12° E of Lawaan (Eastern Samar)
25 June 2019 - 04:50 AM,09.43,123.93,033,2.1,025km S 46° W of Lila (Bohol)
25 June 2019 - 04:13 AM,11.64,125.67,012,2.1,024km N 50° E of Maydolong (Eastern Samar)
25 June 2019 - 12:43 AM,09.54,126.25,014,2.0,029km S 21° E of General Luna (Surigao Del Norte)
25 June 2019 - 12:33 AM,05.89,125.79,172,3.4,020km N 87° E of Jose Abad Santos (Davao Occidental)
25 June 2019 - 12:12 AM,06.95,126.25,015,3.2,004km S 77° E of Mati (Davao Oriental)
24 June 2019 - 11:19 PM,08.89,122.80,022,2.4,032km S 52° W of Siaton (Negros Oriental)
24 June 2019 - 11:17 PM,10.02,125.97,017,2.1,007km N 87° W of Santa Monica (Sapao) (Surigao Del Norte)
24 June 2019 - 11:13 PM,10.53,122.44,031,2.0,018km S 22° E of Tigbauan (Iloilo)
24 June 2019 - 11:08 PM,06.09,126.77,073,3.1,099km S 51° E of Governor Generoso (Davao Oriental)
24 June 2019 - 10:47 PM,08.89,126.42,040,2.0,013km S 77° E of Cagwait (Surigao Del Sur)
24 June 2019 - 09:56 PM,08.81,124.13,021,3.4,039km N 53° W of Gitagum (Misamis Oriental)
24 June 2019 - 08:44 PM,15.92,120.61,032,2.0,004km N 41° W of Rosales (Pangasinan)
24 June 2019 - 05:26 PM,09.39,126.15,025,2.3,013km N 22° W of Cortes (Surigao Del Sur)
24 June 2019 - 05:08 PM,06.90,126.21,012,2.6,005km S 06° W of Mati (Davao Oriental)
24 June 2019 - 04:35 PM,09.41,126.25,026,2.8,016km N 22° E of Cortes (Surigao Del Sur)
24 June 2019 - 02:23 PM,06.94,126.32,022,3.3,011km S 83° E of Mati (Davao Oriental)
24 June 2019 - 02:08 PM,13.71,120.61,115,2.2,014km S 09° W of Calatagan (Batangas)
24 June 2019 - 12:28 PM,19.02,121.12,010,2.5,046km S 52° W of Calayan (Cagayan)
24 June 2019 - 07:26 AM,09.99,126.04,027,2.0,003km S 13° E of Santa Monica (Sapao) (Surigao Del Norte)
24 June 2019 - 06:51 AM,18.31,120.73,057,3.0,012km S 75° E of Pasuquin (Ilocos Norte)
24 June 2019 - 05:13 AM,16.33,119.74,024,2.8,020km N 39° W of Bani (Pangasinan)
24 June 2019 - 12:21 AM,12.04,122.35,007,3.0,032km N 40° E of Ibajay (Aklan)
23 June 2019 - 11:51 PM,09.92,126.05,027,3.0,004km S 65° W of San Isidro (Surigao Del Norte)
23 June 2019 - 11:46 PM,08.82,125.78,007,2.9,009km S 86° E of Sibagat (Agusan Del Sur)
23 June 2019 - 10:02 PM,15.18,119.70,024,1.9,034km S 61° W of Iba (Zambales)
23 June 2019 - 07:58 PM,05.81,126.26,028,4.1,072km S 84° E of Jose Abad Santos (Davao Occidental)
23 June 2019 - 07:54 PM,09.60,126.75,003,2.8,071km N 60° E of Cortes (Surigao Del Sur)
23 June 2019 - 06:52 PM,09.64,126.09,012,2.8,014km N 83° E of Socorro (Surigao Del Norte)
23 June 2019 - 12:04 PM,15.18,120.36,032,2.4,033km N 32° E of Castillejos (Zambales)
23 June 2019 - 11:38 AM,10.24,125.98,023,2.5,027km N 23° W of Burgos (Surigao Del Norte)
23 June 2019 - 10:15 AM,05.78,125.29,015,3.2,012km S 65° E of Glan (Sarangani)
23 June 2019 - 08:23 AM,19.32,122.33,008,2.7,091km N 87° E of Calayan (Cagayan)
23 June 2019 - 04:40 AM,10.66,124.98,001,2.6,006km N 12° E of Mahaplag (Leyte)
23 June 2019 - 03:57 AM,09.08,126.62,028,2.3,039km N 63° E of Cagwait (Surigao Del Sur)
23 June 2019 - 03:18 AM,13.77,120.69,078,2.0,009km S 42° E of Calatagan (Batangas)
23 June 2019 - 02:57 AM,10.19,125.09,034,2.7,005km N 40° W of Liloan (Southern Leyte)
23 June 2019 - 02:55 AM,10.35,125.16,025,2.5,007km S 37° W of Hinunangan (Southern Leyte)
23 June 2019 - 02:53 AM,14.26,119.71,001,1.6,063km N 45° W of Lubang (Occidental Mindoro)
23 June 2019 - 01:44 AM,16.77,120.38,001,1.8,010km S 03° E of Luna (La Union)
23 June 2019 - 01:23 AM,07.04,127.02,020,2.3,057km S 70° E of Manay (Davao Oriental)
22 June 2019 - 12:55AM,08.26,123.37,015,2.9,009km S 68° E of Sergio Osmeña Sr. (Zamboanga Del Norte)
22 June 2019 - 11:55 PM,10.00,126.17,033,2.2,011km S 79° E of Burgos (Surigao Del Norte)
22 June 2019 - 11:43 PM,04.42,127.95,111,4.0,297km S 68° E of Sarangani (Davao Occidental)
22 June 2019 - 10:35 PM,11.31,125.89,005,4.2,030km S 87° E of Hernani (Eastern Samar)
22 June 2019 - 08:28 PM,18.12,122.06,033,2.0,037km N 56° E of Baggao (Cagayan)
22 June 2019 - 07:40 PM,12.20,124.18,022,2.2,014km N 12° W of Tagapul-an (Western Samar)
22 June 2019 - 07:09 PM,11.22,125.95,007,2.8,030km N 62° E of Mercedes (Eastern Samar)
22 June 2019 - 03:52 PM,14.35,120.43,122,2.8,012km S 32° W of Mariveles (Bataan)
22 June 2019 - 03:19 PM,13.06,124.78,077,3.8,063km N 14° E of Catarman (Northern Samar)
22 June 2019 - 01:58 PM,16.94,120.28,060,2.1,014km N 48° W of Luna (La Union)
22 June 2019 - 12:11 PM,15.46,122.01,030,2.0,058km S 55° E of Baler (Aurora)
22 June 2019 - 11:40 AM,19.96,121.70,021,2.3,045km S 24° W of Sabtang (Batanes)
22 June 2019 - 10:10 AM,10.26,125.68,078,2.7,016km S 45° E of Loreto (Dinagat)
22 June 2019 - 08:12 AM,08.38,125.81,032,1.5,007km N 04° W of La Paz (Agusan Del Sur)
22 June 2019 - 08:06 AM,10.32,125.22,032,2.0,005km S 46° W of Hinundayan (Southern Leyte)
22 June 2019 - 05:49 AM,08.43,125.66,030,2.7,014km S 81° W of Talacogon (Agusan Del Sur)
22 June 2019 - 03:38 AM,09.06,122.71,010,2.2,036km S 89° W of Siaton (Negros Oriental)
22 June 2019 - 03:03 AM,17.04,120.64,100,2.9,006km S 78° E of Sigay (Ilocos Sur)
22 June 2019 - 02:58 AM,10.55,122.29,024,2.2,012km S 30° E of Miagao (Iloilo)
21 June 2019 - 11:16 PM,08.45,122.55,060,2.8,038km N 21° W of Liloy (Zamboanga Del Norte)
21 June 2019 - 10:02 PM,19.08,120.91,032,2.3,055km N 19° W of Claveria (Cagayan)
21 June 2019 - 09:25 PM,11.40,125.71,025,1.7,013km N 49° E of Hernani (Eastern Samar)
21 June 2019 - 08:19 PM,11.74,125.17,030,2.4,012km N 73° E of Hinabangan (Western Samar)
21 June 2019 - 06:52 PM,13.00,124.35,033,2.0,018km S 69° E of Prieto Diaz (Sorsogon)
21 June 2019 - 03:45 PM,15.57,119.90,032,2.1,007km S 29° W of Candelaria (Zambales)
21 June 2019 - 01:18 PM,07.24,126.43,123,2.8,013km N 75° W of Manay (Davao Oriental)
21 June 2019 - 01:01 PM,09.70,126.91,001,3.9,083km S 84° E of General Luna (Surigao Del Norte)
21 June 2019 - 12:58 PM,19.06,121.18,012,2.6,039km S 51° W of Calayan (Cagayan)
21 June 2019 - 11:30 AM,14.00,120.34,077,2.4,029km N 56° E of Lubang (Occidental Mindoro)
21 June 2019 - 08:14 AM,14.63,120.02,037,3.1,028km S 77° W of Morong (Bataan)
21 June 2019 - 07:36 AM,09.47,126.56,020,2.9,045km N 62° E of Cortes (Surigao Del Sur)
21 June 2019 - 07:20 AM,12.52,125.86,013,2.4,054km N 46° E of San Policarpo (Eastern Samar)
21 June 2019 - 07:06 AM,10.90,123.24,012,2.1,011km S 49° W of Cadiz City (Negros Occidental)
21 June 2019 - 06:51 AM,11.21,125.57,022,2.4,014km S 23° W of Hernani (Eastern Samar)
21 June 2019 - 05:56 AM,08.27,126.71,024,2.1,042km N 52° E of Lingig (Surigao Del Sur)
21 June 2019 - 05:13 AM,17.56,120.14,016,2.4,023km S 85° W of Santa Catalina (Ilocos Sur)
21 June 2019 - 04:55 AM,09.53,126.90,018,3.6,082km N 70° E of Cortes (Surigao Del Sur)
21 June 2019 - 03:36 AM,15.53,119.93,062,1.9,010km S 01° W of Candelaria (Zambales)
21 June 2019 - 03:06 AM,17.47,122.57,053,2.2,032km N 63° E of Divilacan (Isabela)
21 June 2019 - 02:35 AM,09.80,125.93,034,1.9,009km S 34° W of Del Carmen (Surigao Del Norte)
21 June 2019 - 02:25 AM,07.71,122.38,023,2.7,013km N 51° W of Roseller Lim (Zamboanga Sibugay)
21 June 2019 - 01:47 AM,04.32,125.73,103,4.1,127km S 13° E of Sarangani (Davao Occidental)
21 June 2019 - 01:34 AM,10.38,123.21,033,1.8,001km S 85° W of Canlaon City (Negros Oriental)
21 June 2019 - 01:09 AM,18.31,120.33,022,2.8,031km N 79° W of Bacarra (Ilocos Norte)
21 June 2019 - 12:56 AM,09.83,126.23,001,2.5,009km N 56° E of General Luna (Surigao Del Norte)
20 June 2019 - 11:47 PM,05.31,125.79,027,2.5,037km S 69° E of Sarangani (Davao Occidental)
20 June 2019 - 10:13 PM,09.75,126.26,020,2.1,012km S 74° E of General Luna (Surigao Del Norte)
20 June 2019 - 09:07 PM,09.71,126.94,032,3.7,087km S 84° E of General Luna (Surigao Del Norte)
20 June 2019 - 04:42 PM,17.63,119.27,081,2.8,116km N 87° W of Santa Catalina (Ilocos Sur)
20 June 2019 - 04:40 PM,17.65,122.27,023,3.9,029km N 06° E of Maconacon (Isabela)
20 June 2019 - 03:34 PM,08.61,126.36,069,2.0,022km S 19° E of Marihatag (Surigao Del Sur)
20 June 2019 - 12:49 PM,13.54,125.10,003,2.6,081km S 80° E of Baras (Catanduanes)
20 June 2019 - 12:48 PM,10.23,123.24,018,1.6,013km N 16° W of Guihulngan (Negros Oriental)
20 June 2019 - 11:33 AM,09.86,124.27,026,2.0,004km S 12° W of Dagohoy (Bohol)
20 June 2019 - 10:04 AM,05.49,126.90,106,4.8,149km S 73° E of Jose Abad Santos (Davao Occidental)
20 June 2019 - 08:35 AM,05.82,125.45,018,2.3,019km S 69° W of Jose Abad Santos (Davao Occidental)
20 June 2019 - 08:06 AM,10.27,123.22,018,2.2,017km N 20° W of Guihulngan (Negros Oriental)
20 June 2019 - 08:10 AM,10.21,126.34,017,2.6,037km N 54° E of Burgos (Surigao Del Norte)
20 June 2019 - 08:04 AM,10.22,123.25,012,2.6,012km N 14° W of Guihulngan (Negros Oriental)
20 June 2019 - 07:55 AM,07.21,126.86,017,2.3,035km S 67° E of Caraga (Davao Oriental)
20 June 2019 - 05:03 AM,09.37,126.41,014,2.2,026km N 66° E of Cortes (Surigao Del Sur)
20 June 2019 - 05:03 AM,09.14,123.34,029,1.6,010km S 55° E of Dauin (Negros Oriental)
20 June 2019 - 04:49 AM,08.49,123.40,023,2.3,005km N 67° W of La Libertad (Zamboanga Del Norte)
20 June 2019 - 04:14 AM,06.03,126.82,026,2.9,108km S 50° E of Governor Generoso (Davao Oriental)
20 June 2019 - 03:51 AM,05.74,126.06,028,2.8,052km S 72° E of Jose Abad Santos (Davao Occidental)
19 June 2019 - 11:23 PM,10.55,125.50,032,1.9,022km N 22° W of Loreto (Dinagat)
19 June 2019 - 09:34 PM,10.19,126.27,009,2.8,028km N 48° E of Burgos (Surigao Del Norte)
19 June 2019 - 06:55 PM,06.59,126.26,064,2.3,021km S 71° E of Governor Generoso (Davao Oriental)
19 June 2019 - 04:41 PM,09.17,122.37,026,2.7,040km S 47° W of Basay (Negros Oriental)
19 June 2019 - 03:11 PM,10.27,126.35,008,3.1,042km N 48° E of Burgos (Surigao Del Norte)
19 June 2019 - 02:07 PM,05.75,127.19,032,3.0,158km S 51° E of Governor Generoso (Davao Oriental)
19 June 2019 - 10:24 AM,06.29,126.21,078,2.3,043km S 21° E of Governor Generoso (Davao Oriental)
19 June 2019 - 10:22 AM,05.91,126.24,053,2.5,"069
      km S 63° E of Don Marcelino (Davao Occidental)"
19 June 2019 - 08:19 AM,13.58,120.59,130,1.7,022km N 47° W of Abra De Ilog (Occidental Mindoro)
19 June 2019 - 04:58 AM,09.42,126.27,022,2.5,018km N 29° E of Cortes (Surigao Del Sur)
19 June 2019 - 04:31 AM,09.07,126.15,145,2.4,005km S 81° W of Tandag (Surigao Del Sur)
19 June 2019 - 03:50 AM,12.11,125.33,030,2.6,013km S 75° W of Oras (Eastern Samar)
19 June 2019 - 03:57 AM,04.90,126.14,007,3.3,094km S 52° E of Sarangani (Davao Occidental)
19 June 2019 - 03:28 AM,11.99,125.23,033,2.1,023km S 87° W of Can-avid (Eastern Samar)
19 June 2019 - 02:29 AM,13.75,120.63,174,3.7,009km S 01° W of Calatagan (Batangas)
19 June 2019 - 01:33 AM,09.09,126.78,006,1.8,056km N 76° E of Bayabas (Surigao Del Sur)
19 June 2019 - 01:18 AM,09.75,126.93,004,3.5,085km S 87° E of General Luna (Surigao Del Norte)
19 June 2019 - 12:34 AM,09.67,126.47,020,3.0,037km S 70° E of General Luna (Surigao Del Norte)
18 June 2019 - 11:16 PM,05.23,127.49,033,3.3,225km S 84° E of Sarangani (Davao Occidental)
18 June 2019 - 10:49 PM,06.58,126.79,156,2.4,064km S 37° E of Tarragona (Davao Oriental)
18 June 2019 - 11:10 PM,21.16,121.87,152,4.0,040km N 04° E of Itbayat (Batanes)
18 June 2019 - 10:29 PM,08.33,126.21,096,2.3,015km S 72° W of Hinatuan (Surigao Del Sur)
18 June 2019 - 09:01 PM,09.14,126.12,036,2.3,025km N 44° W of Bayabas (Surigao Del Sur)
18 June 2019 - 08:21 PM,05.71,125.99,098,2.5,046km S 65° E of Jose Abad Santos (Davao Occidental)
18 June 2019 - 06:49 PM,05.18,127.80,115,3.4,251km S 49° E of Governor Generoso (Davao Oriental)
18 June 2019 - 05:07 PM,09.10,126.47,020,2.2,025km N 54° E of Bayabas (Surigao Del Sur)
18 June 2019 - 04:58 PM,09.75,122.14,005,3.2,029km S 88° W of Sipalay (Negros Occidental)
18 June 2019 - 04:42 PM,09.02,126.55,024,3.1,029km N 68° E of Cagwait (Surigao Del Sur)
18 June 2019 - 01:02 PM,11.17,124.66,020,2.2,011km S 79° E of Kananga (Leyte)
18 June 2019 - 12:39 PM,08.41,125.76,038,2.3,006km S 35° W of Talacogon (Agusan Del Sur)
18 June 2019 - 11:48 AM,16.32,119.87,037,2.1,008km S 17° W of Bolinao (Pangasinan)
18 June 2019 - 09:44 AM,09.07,126.56,022,2.5,032km N 71° E of Bayabas (Surigao Del Sur)
18 June 2019 - 09:18 AM,09.79,126.94,003,3.1,085km N 89° E of General Luna (Surigao Del Norte)
18 June 2019 - 08:36 AM,08.38,125.81,035,2.5,008km S 20° E of Talacogon (Agusan Del Sur)
18 June 2019 - 07:40 AM,13.87,120.62,202,2.3,004km N 19° W of Calatagan (Batangas)
18 June 2019 - 06:29 AM,07.78,125.81,034,2.6,002km N 64° W of Laak (San Vicente) (Compostela Valley)
18 June 2019 - 05:59 AM,09.65,126.16,031,2.1,014km S 03° E of General Luna (Surigao Del Norte)
18 June 2019 - 04:42 AM,09.73,123.74,023,2.6,010km S 40° W of Loon (Bohol)
18 June 2019 - 04:24 AM,05.15,123.38,411,3.6,149km S 38° W of Palimbang (Sultan Kudarat)
18 June 2019 - 03:19 AM,19.07,121.36,004,2.3,025km S 25° W of Calayan (Cagayan)
18 June 2019 - 03:02 AM,06.42,126.19,031,2.4,028km S 26° E of Governor Generoso (Davao Oriental)
18 June 2019 - 02:57 AM,13.16,120.28,008,2.0,034km S 78° W of Mamburao (Occidental Mindoro)
17 June 2019 - 02:42 AM,09.85,125.43,017,2.0,008km N 06° E of San Francisco (Anao-aon) (Surigao Del Norte)
18 June 2019 - 02:06 AM,09.25,127.02,015,2.4,087km N 69° E of Bayabas (Surigao Del Sur)
18 June 2019 - 01:39 AM,09.69,126.27,014,2.8,016km S 48° E of General Luna (Surigao Del Norte)
18 June 2019 - 12:37 AM,06.38,126.65,036,2.0,070km S 65° E of Governor Generoso (Davao Oriental)
18 June 2019 - 12:06 AM,06.06,126.56,059,2.7,084km S 39° E of Governor Generoso (Davao Oriental)
17 June 2019 - 11:24 PM,08.84,125.73,009,3.1,036km S 70° W of San Miguel (Surigao Del Sur)
17 June 2019 - 10:59 PM,06.89,126.38,034,2.2,018km S 23° W of Tarragona (Davao Oriental)
17 June 2019 - 10:15 PM,09.61,125.80,033,1.6,018km S 86° W of Socorro (Surigao Del Norte)
17 June 2019 - 10:13 PM,06.63,126.01,160,2.2,008km S 73° W of Governor Generoso (Davao Oriental)
17 June 2019 - 09:53 PM,06.36,126.43,039,2.1,051km S 51° E of Governor Generoso (Davao Oriental)
17 June 2019 - 09:46 PM,11.86,125.20,033,2.3,024km N 70° E of Motiong (Western Samar)
17 June 2019 - 09:06 PM,10.05,123.21,016,2.4,009km N 10° E of Jimalalud (Negros Oriental)
17 June 2019 - 07:28 PM,08.91,126.19,042,2.0,012km S 85° W of Cagwait (Surigao Del Sur)
17 June 2019 - 07:14 PM,09.41,126.23,034,2.1,015km N 16° E of Cortes (Surigao Del Sur)
17 June 2019 - 07:03 PM,08.84,125.74,032,1.8,004km N 69° E of Sibagat (Agusan Del Sur)
17 June 2019 - 06:47 PM,05.33,126.71,013,2.9,136km S 63° E of Jose Abad Santos (Davao Occidental)
17 June 2019 - 06:36 PM,14.26,119.35,034,2.3,094km N 62° W of Lubang (Occidental Mindoro)
17 June 2019 - 06:33 PM,05.54,126.19,108,1.7,081km N 81° E of Sarangani (Davao Occidental)
17 June 2019 - 05:13 PM,09.68,123.73,037,1.7,011km N 13° W of Panglao (Bohol)
17 June 2019 - 05:03 PM,15.64,121.87,011,1.8,035km S 68° E of Baler (Aurora)
17 June 2019 - 10:02 AM,05.36,126.30,022,3.8,096km S 53° E of Jose Abad Santos (Davao Occidental)
17 June 2019 - 08:34 AM,06.24,125.25,017,2.8,003km South° 00  of Malungon (Sarangani)
17 June 2019 - 05:56 AM,05.58,126.23,009,3.3,085km N 79° E of Sarangani (Davao Occidental)
17 June 2019 - 04:24 AM,08.33,126.65,028,2.5,035km S 82° E of Hinatuan (Surigao Del Sur)
17 June 2019 - 02:04 AM,12.39,124.26,077,2.4,003km S 34° W of San Antonio (Northern Samar)
17 June 2019 - 12:55 AM,04.89,126.94,002,3.5,174km S 70° E of Sarangani (Davao Occidental)
17 June 2019 - 12:18 AM,10.20,125.28,033,2.0,009km S 16° E of Anahawan (Southern Leyte)
17 June 2019 - 12:12 AM,08.44,125.96,024,2.4,008km N 36° W of Rosario (Agusan Del Sur)
16 June 2019 - 11:29 PM,15.21,123.16,020,2.8,100km N 57° E of Jomalig (Quezon)
16 June 2019 - 10:59 PM,12.83,123.80,034,1.9,004km N 86° W of Magallanes (Sorsogon)
16 June 2019 - 10:49 PM,13.13,124.19,009,3.4,009km S 48° E of Rapu-rapu (Albay)
16 June 2019 - 10:27 PM,16.53,119.71,027,2.2,025km N 52° W of Bolinao (Pangasinan)
16 June 2019 - 09:16 PM,06.61,126.77,100,2.4,061km S 37° E of Tarragona (Davao Oriental)
16 June 2019 - 08:46 PM,13.10,120.12,020,2.2,051km S 47° W of Paluan (Occidental Mindoro)
16 June 2019 - 07:29 PM,06.02,126.05,128,2.4,050km N 72° E of Jose Abad Santos (Davao Occidental)
16 June 2019 - 07:09 PM,07.28,127.08,020,3.3,057km S 84° E of Caraga (Davao Oriental)
16 June 2019 - 06:43 PM,10.62,126.86,024,2.4,109km N 52° E of Burgos (Surigao Del Norte)
16 June 2019 - 06:30 PM,08.06,126.71,017,2.5,033km N 86° E of Lingig (Surigao Del Sur)
16 June 2019 - 05:39 PM,05.77,126.28,035,2.9,075km S 80° E of Jose Abad Santos (Davao Occidental)
16 June 2019 - 01:36 PM,09.16,125.69,017,2.2,017km S 78° E of Tubay (Agusan Del Norte)
16 June 2019 - 01:12 PM,04.13,126.32,075,3.4,172km S 33° E of Sarangani (Davao Occidental)
16 June 2019 - 11:45 AM,15.37,122.69,033,2.3,080km N 25° E of Jomalig (Quezon)
16 June 2019 - 10:52 AM,07.96,126.87,014,2.7,055km N 38° E of Baganga (Davao Oriental)
16 June 2019 - 09:23 AM,13.70,120.73,152,2.0,018km S 37° E of Calatagan (Batangas)
16 June 2019 - 09:02 AM,13.80,120.54,156,2.2,011km S 71° W of Calatagan (Batangas)
16 June 2019 - 08:02 AM,08.24,126.02,013,2.5,009km N 26° E of Bunawan (Agusan Del Sur)
16 June 2019 - 07:48 AM,10.40,125.14,007,1.8,006km N 83° W of Hinunangan (Southern Leyte)
16 June 2019 - 07:02 AM,08.98,125.79,009,2.0,019km N 29° E of Sibagat (Agusan Del Sur)
16 June 2019 - 06:32 AM,18.88,120.11,033,1.8,070km N 54° W of Burgos (Ilocos Norte)
16 June 2019 - 06:19 AM,09.91,124.37,034,2.0,008km N 80° W of Alicia (Bohol)
16 June 2019 - 06:09 AM,16.81,119.97,017,2.6,043km N 60° W of San Fernando(Capital) (La Union)
16 June 2019 - 04:43 AM,05.54,126.06,028,4.1,066km N 80° E of Sarangani (Davao Occidental)
16 June 2019 - 04:33 AM,08.55,126.73,021,2.2,047km N 65° E of Hinatuan (Surigao Del Sur)
16 June 2019 - 04:09 AM,09.72,126.19,029,2.2,007km S 25° E of General Luna (Surigao Del Norte)
16 June 2019 - 04:07 AM,11.19,125.84,001,2.3,022km N 37° E of Guiuan (Eastern Samar)
16 June 2019 - 03:55 AM,05.55,125.03,016,3.2,035km S 03° E of Maasim (Sarangani)
16 June 2019 - 03:41 AM,11.70,124.27,014,2.9,009km N 89° W of Kawayan (Biliran)
16 June 2019 - 03:41 AM,04.76,126.09,097,2.9,101km S 43° E of Sarangani (Davao Occidental)
16 June 2019 - 03:33 AM,07.15,127.23,041,2.9,077km S 75° E of Caraga (Davao Oriental)
16 June 2019 - 03:29 AM,08.55,126.76,016,2.2,051km N 67° E of Hinatuan (Surigao Del Sur)
16 June 2019 - 03:24 AM,08.47,126.74,020,2.2,046km N 76° E of Hinatuan (Surigao Del Sur)
16 June 2019 - 03:22 AM,06.11,123.33,030,2.4,096km S 57° W of Kalamansig (Sultan Kudarat)
16 June 2019 - 03:13 AM,17.32,120.20,030,3.0,026km S 88° W of San Esteban (Ilocos Sur)
16 June 2019 - 03:11 AM,19.00,122.10,114,1.9,060km N 04° W of Santa Ana (Cagayan)
16 June 2019 - 02:57 AM,09.85,124.17,034,1.7,004km N 33° W of Carmen (Bohol)
16 June 2019 - 02:29 AM,19.11,121.13,013,3.0,040km S 61° W of Calayan (Cagayan)
16 June 2019 - 02:21 AM,07.47,122.43,001,2.3,014km S 04° E of Tungawan (Zamboanga Del Sur)
16 June 2019 - 02:19 AM,11.46,125.54,032,2.0,004km S 74° E of Balangkayan (Eastern Samar)
16 June 2019 - 01:58 AM,13.36,124.38,046,3.7,030km S 33° E of Virac (Catanduanes)
16 June 2019 - 01:26 AM,15.43,119.44,023,3.0,056km S 78° W of Masinloc (Zambales)
16 June 2019 - 01:16 AM,19.25,121.08,028,2.0,040km S 85° W of Calayan (Cagayan)
16 June 2019 - 01:11 AM,09.26,126.24,026,1.9,005km S 72° E of Cortes (Surigao Del Sur)
16 June 2019 - 12:51 AM,05.72,126.06,155,2.6,052km S 70° E of Jose Abad Santos (Davao Occidental)
16 June 2019 - 12:50 AM,07.73,126.59,033,2.0,017km S 65° E of Cateel (Davao Oriental)
15 June 2019 - 11:20 PM,09.05,125.66,011,2.5,008km S 89° E of Remedios Romualdez (Agusan Del Norte)
15 June 2019 - 09:42 PM,07.13,126.23,025,2.4,026km N 69° W of Tarragona (Davao Oriental)
15 June 2019 - 09:00 PM,13.70,120.65,091,2.0,015km S 05° E of Calatagan (Batangas)
15 June 2019 - 08:53 PM,15.69,119.89,029,1.7,018km N 20° W of Masinloc (Zambales)
15 June 2019 - 07:49 PM,06.28,126.44,065,2.3,058km S 45° E of Governor Generoso (Davao Oriental)
15 June 2019 - 05:22 PM,19.11,121.21,011,3.2,033km S 54° W of Calayan (Cagayan)
15 June 2019 - 04:54 PM,03.34,126.14,092,3.2,243km S 18° E of Sarangani (Davao Occidental)
15 June 2019 - 04:39 PM,09.81,124.62,012,3.1,009km N 34° E of Anda (Bohol)
15 June 2019 - 04:05 PM,08.38,126.19,135,3.1,009km S 20° E of Tagbina (Surigao Del Sur)
15 June 2019 - 03:28 PM,09.59,126.35,020,2.6,030km S 44° E of General Luna (Surigao Del Norte)
15 June 2019 - 02:19 PM,09.65,126.18,014,2.3,015km S 09° E of General Luna (Surigao Del Norte)
15 June 2019 - 02:10 PM,09.77,126.57,008,3.2,045km S 88° E of General Luna (Surigao Del Norte)
15 June 2019 - 01:53 PM,09.60,126.23,031,1.7,022km S 23° E of General Luna (Surigao Del Norte)
15 June 2019 - 01:51 PM,09.61,126.27,019,2.8,023km S 34° E of General Luna (Surigao Del Norte)
15 June 2019 - 01:49 PM,09.81,126.74,001,3.7,064km N 87° E of General Luna (Surigao Del Norte)
15 June 2019 - 12:38 PM,17.17,120.23,009,2.2,023km S 85° W of Candon City (Ilocos Sur)
15 June 2019 - 10:39 AM,13.69,121.56,007,3.0,024km S 49° E of San Juan (Batangas)
15 June 2019 - 10:11 AM,09.46,126.76,029,2.7,066km N 72° E of Cortes (Surigao Del Sur)
15 June 2019 - 08:22 AM,09.76,126.47,009,3.5,034km S 85° E of General Luna (Surigao Del Norte)
15 June 2019 - 08:19 AM,10.01,125.96,006,2.3,008km S 84° W of Santa Monica (Sapao) (Surigao Del Norte)
15 June 2019 - 05:02 AM,17.36,120.40,029,1.7,005km N 56° W of San Esteban (Ilocos Sur)
15 June 2019 - 04:11 AM,09.65,126.29,032,2.1,021km S 46° E of General Luna (Surigao Del Norte)
15 June 2019 - 03:10 AM,04.30,125.29,010,2.8,127km S 09° W of Sarangani (Davao Occidental)
15 June 2019 - 02:44 AM,05.81,126.00,136,2.3,043km S 79° E of Jose Abad Santos (Davao Occidental)
15 June 2019 - 02:02 AM,06.33,126.95,182,2.3,097km S 35° E of Tarragona (Davao Oriental)
15 June 2019 - 01:15 AM,09.15,126.01,006,1.8,009km S 06° W of Carmen (Surigao Del Sur)
15 June 2019 - 12:59 AM,07.68,126.33,033,1.6,018km S 47° W of Cateel (Davao Oriental)
15 June 2019 - 12:09 AM,10.23,125.91,033,1.7,027km N 32° W of Santa Monica (Sapao) (Surigao Del Norte)
14 June 2019 - 11:07 PM,10.26,126.04,027,1.8,026km N 08° W of Burgos (Surigao Del Norte)
14 June 2019 - 10:44 PM,14.05,124.39,032,2.7,024km N 90° E of Pandan (Catanduanes)
14 June 2019 - 10:36 PM,11.74,125.18,017,2.0,013km N 76° E of Hinabangan (Western Samar)
14 June 2019 - 10:12 PM,06.12,126.97,110,2.3,115km S 59° E of Governor Generoso (Davao Oriental)
14 June 2019 - 10:04 PM,06.37,126.92,141,2.6,092km S 35° E of Tarragona (Davao Oriental)
14 June 2019 - 07:42 PM,06.06,126.59,068,2.5,086km S 41° E of Governor Generoso (Davao Oriental)
14 June 2019 - 05:21 PM,08.44,126.82,011,2.6,054km N 82° E of Hinatuan (Surigao Del Sur)
14 June 2019 - 04:38 PM,12.62,123.62,027,2.9,006km S 68° W of Monreal (Masbate)
14 June 2019 - 02:10 PM,09.43,126.26,024,1.8,018km N 23° E of Cortes (Surigao Del Sur)
14 June 2019 - 01:49 PM,10.35,125.23,031,2.0,002km  00 °est of Hinundayan (Southern Leyte)
14 June 2019 - 10:28 AM,19.11,121.28,007,2.3,027km S 45° W of Calayan (Cagayan)
14 June 2019 - 10:26 AM,16.73,119.81,040,2.5,038km N 13° W of Bolinao (Pangasinan)
14 June 2019 - 10:03 AM,08.51,126.89,010,2.0,062km N 76° E of Hinatuan (Surigao Del Sur)
14 June 2019 - 08:45 AM,10.02,122.24,031,2.1,042km N 83° W of Cauayan (Negros Occidental)
14 June 2019 - 05:39 AM,11.93,124.04,004,1.8,003km N 10° E of Pio V. Corpuz (Limbuhan) (Masbate)
14 June 2019 - 03:32 AM,06.50,125.59,199,3.0,009km N 11° W of Malita (Davao Occidental)
14 June 2019 - 02:46 AM,07.26,127.38,005,2.9,090km S 85° E of Caraga (Davao Oriental)
14 June 2019 - 02:29 AM,12.84,124.32,029,1.8,018km N 16° W of Biri (Northern Samar)
14 June 2019 - 02:11 AM,12.46,123.73,024,2.6,015km N 29° E of Mobo (Masbate)
14 June 2019 - 01:42 AM,11.91,124.10,001,2.8,007km N 84° E of Pio V. Corpuz (Limbuhan) (Masbate)
14 June 2019 - 01:37 AM,11.90,124.05,001,2.3,002km  00 °ast of Pio V. Corpuz (Limbuhan) (Masbate)
14 June 2019 - 01:24 AM,09.32,126.22,020,2.4,006km N 37° E of Cortes (Surigao Del Sur)
14 June 2019 - 01:19 AM,11.92,124.10,001,3.0,008km N 69° E of Pio V. Corpuz (Limbuhan) (Masbate)
14 June 2019 - 01:15 AM,07.27,127.31,020,2.3,083km S 85° E of Caraga (Davao Oriental)
14 June 2019 - 12:14 AM,07.31,127.07,027,3.6,056km S 88° E of Caraga (Davao Oriental)
14 June 2019 - 12:03 AM,15.20,122.02,033,1.9,038km N 39° E of Panukulan (Quezon)
14 June 2019 - 12:00 AM,09.42,126.31,022,2.0,021km N 39° E of Cortes (Surigao Del Sur)
13 June 2019 - 11:50 PM,07.31,127.00,021,2.7,048km S 87° E of Caraga (Davao Oriental)
13 June 2019 - 11:43 PM,07.30,127.23,030,3.1,073km S 88° E of Caraga (Davao Oriental)
13 June 2019 - 11:43 PM,12.31,123.81,002,2.3,013km S 17° E of Batuan (Masbate)
13 June 2019 - 11:38 PM,07.39,127.16,023,2.3,064km S 83° E of Baculin (Davao Oriental)
13 June 2019 - 11:23 PM,07.31,127.22,019,3.3,073km S 77° E of Baculin (Davao Oriental)
13 June 2019 - 11:08 PM,07.34,127.31,055,4.3,082km S 81° E of Baculin (Davao Oriental)
13 June 2019 - 10:57 PM,08.12,125.91,032,1.9,007km N 40° W of Veruela (Agusan Del Sur)
13 June 2019 - 10:17 PM,16.32,120.57,018,3.1,007km S 05° E of Tuba (Benguet)
13 June 2019 - 10:03 PM,06.97,126.77,031,2.7,037km S 44° E of Manay (Davao Oriental)
13 June 2019 - 08:43 PM,08.67,126.44,030,2.4,021km S 48° E of Marihatag (Surigao Del Sur)
13 June 2019 - 08:29 PM,06.82,126.87,049,2.5,057km S 41° E of Manay (Davao Oriental)
13 June 2019 - 07:20 PM,07.81,127.62,024,3.0,120km N 78° E of Baganga (Davao Oriental)
13 June 2019 - 06:53 PM,11.93,124.06,003,3.3,004km N 43° E of Pio V. Corpuz (Limbuhan) (Masbate)
13 June 2019 - 06:49 PM,10.42,125.24,001,2.8,008km N 12° W of Hinundayan (Southern Leyte)
13 June 2019 - 06:30 PM,15.08,119.80,015,3.3,029km N 87° W of San Felipe (Zambales)
13 June 2019 - 05:55 PM,09.44,126.25,023,2.1,020km N 20° E of Cortes (Surigao Del Sur)
13 June 2019 - 01:51 PM,07.75,126.35,136,2.5,012km S 66° W of Cateel (Davao Oriental)
13 June 2019 - 01:15 PM,05.33,126.43,130,3.4,109km S 56° E of Jose Abad Santos (Davao Occidental)
13 June 2019 - 01:03 PM,08.91,126.21,029,2.2,011km S 53° W of Bayabas (Surigao Del Sur)
13 June 2019 - 01:01 PM,05.92,125.32,006,2.6,007km S 28° E of Malapatan (Sarangani)
13 June 2019 - 11:43 AM,12.34,123.76,024,2.3,009km S 10° W of Batuan (Masbate)
13 June 2019 - 09:53 AM,09.67,126.59,015,3.1,049km S 76° E of General Luna (Surigao Del Norte)
13 June 2019 - 09:50 AM,13.65,120.66,120,2.2,020km S 09° E of Calatagan (Batangas)
13 June 2019 - 09:12 AM,15.92,119.65,028,2.4,026km S 73° W of Dasol (Pangasinan)
13 June 2019 - 08:40 AM,03.33,128.76,055,4.0,433km S 57° E of Sarangani (Davao Occidental)
13 June 2019 - 04:28 AM,16.82,122.59,013,3.8,031km S 31° E of Palanan (Isabela)
13 June 2019 - 04:26 AM,08.14,126.19,001,3.0,010km N 31° E of San Isidro (Agusan Del Sur)
13 June 2019 - 03:18 AM,07.94,126.78,032,1.8,039km N 65° E of Cateel (Davao Oriental)
13 June 2019 - 02:50 AM,05.57,126.14,070,3.0,067km S 59° E of Jose Abad Santos (Davao Occidental)
13 June 2019 - 01:54 AM,15.00,120.41,036,1.6,023km N 71° E of Castillejos (Zambales)
13 June 2019 - 01:37 AM,10.61,124.62,003,2.4,017km N 48° W of Inopacan (Leyte)
13 June 2019 - 01:37 AM,10.61,124.62,003,2.4,017km N 48° W of Inopacan (Leyte)
12 June 2019 - 11:23 PM,09.78,126.40,017,2.6,026km N 90° E of General Luna (Surigao Del Norte)
12 June 2019 - 11:12 PM,04.94,125.47,188,3.0,054km S 01° W of Sarangani (Davao Occidental)
12 June 2019 - 10:15 PM,18.88,121.65,015,2.3,049km S 23° E of Calayan (Cagayan)
12 June 2019 - 09:24 PM,19.82,121.64,033,2.0,062km S 23° W of Sabtang (Batanes)
12 June 2019 - 08:36 PM,18.96,121.58,017,2.4,038km S 19° E of Calayan (Cagayan)
12 June 2019 - 08:18 PM,05.32,125.10,033,2.3,056km S 10° W of Glan (Sarangani)
12 June 2019 - 07:57 PM,19.66,121.72,032,2.4,050km N 33° E of Calayan (Cagayan)
12 June 2019 - 05:29 PM,09.60,126.59,015,2.5,052km S 68° E of General Luna (Surigao Del Norte)
12 June 2019 - 03:54 PM,12.42,123.59,031,2.5,020km S 90° W of Batuan (Masbate)
12 June 2019 - 03:18 PM,14.46,121.95,024,1.9,029km S 03° E of Polillo (Quezon)
12 June 2019 - 10:55 AM,05.69,125.90,120,3.7,038km S 56° E of Jose Abad Santos (Davao Occidental)
12 June 2019 - 08:55 AM,09.77,126.14,032,1.9,002km S 46° W of General Luna (Surigao Del Norte)
12 June 2019 - 08:46 AM,10.17,125.69,032,2.2,016km N 41° E of Basilisa (Rizal) (Surigao Del Norte)
12 June 2019 - 07:02 AM,12.31,123.74,008,4.1,014km S 17° W of Batuan (Masbate)
12 June 2019 - 07:00 AM,15.15,120.14,033,1.6,025km N 15° W of Castillejos (Zambales)
12 June 2019 - 06:24 AM,12.46,123.61,022,2.1,010km N 08° W of Masbate (Masbate)
12 June 2019 - 06:16 AM,09.47,126.02,011,2.6,014km N 36° E of Carrascal (Surigao Del Sur)
12 June 2019 - 05:49 AM,05.78,126.10,123,2.4,055km S 78° E of Jose Abad Santos (Davao Occidental)
12 June 2019 - 05:36 AM,12.38,123.73,013,3.2,007km S 45° W of Batuan (Masbate)
12 June 2019 - 05:24 AM,03.81,125.26,157,3.1,181km S 07° W of Sarangani (Davao Occidental)
12 June 2019 - 05:15 AM,12.40,123.76,003,2.8,003km S 16° W of Batuan (Masbate)
12 June 2019 - 05:09 AM,12.41,123.72,006,3.0,006km S 71° W of Batuan (Masbate)
12 June 2019 - 05:08 AM,12.43,123.79,017,2.2,002km N 69° E of Batuan (Masbate)
12 June 2019 - 05:03 AM,12.35,123.71,007,4.4,011km S 40° W of Batuan (Masbate)
12 June 2019 - 04:19 AM,12.32,123.73,006,3.3,012km S 24° W of Batuan (Masbate)
12 June 2019 - 03:57 AM,06.20,126.70,033,2.6,086km S 54° E of Governor Generoso (Davao Oriental)
12 June 2019 - 02:50 AM,12.52,123.97,027,2.2,015km S 58° W of Matnog (Sorsogon)
12 June 2019 - 02:39 AM,06.19,126.53,034,1.8,071km S 45° E of Governor Generoso (Davao Oriental)
12 June 2019 - 02:34 AM,15.17,120.29,032,2.3,028km N 19° E of Castillejos (Zambales)
12 June 2019 - 02:16 AM,09.92,126.39,012,2.7,029km N 60° E of General Luna (Surigao Del Norte)
12 June 2019 - 02:05 AM,09.76,126.24,025,2.6,009km S 74° E of General Luna (Surigao Del Norte)
12 June 2019 - 02:03 AM,09.87,126.34,013,4.1,023km N 66° E of General Luna (Surigao Del Norte)
12 June 2019 - 01:42 AM,09.91,126.35,012,4.5,025km N 55° E of General Luna (Surigao Del Norte)
12 June 2019 - 01:06 AM,05.39,126.58,034,2.7,121km S 63° E of Jose Abad Santos (Davao Occidental)
12 June 2019 - 01:01 AM,15.93,119.47,015,2.3,040km S 59° W of Agno (Pangasinan)
12 June 2019 - 12:28 AM,18.02,120.36,035,3.5,012km S 87° W of Currimao (Ilocos Norte)
12 June 2019 - 12:23 AM,06.11,126.09,091,2.6,045km S 77° E of Don Marcelino (Davao Occidental)
12 June 2019 - 12:15 AM,06.23,126.29,026,2.4,052km S 28° E of Governor Generoso (Davao Oriental)
11 June 2019 - 11:00 PM,08.87,126.28,034,1.8,006km S 24° W of Cagwait (Surigao Del Sur)
11 June 2019 - 10:38 PM,13.60,120.23,034,1.8,013km S 10° W of Looc (Occidental Mindoro)
11 June 2019 - 10:13 PM,07.80,127.25,011,3.5,080km N 72° E of Baganga (Davao Oriental)
11 June 2019 - 09:51 PM,08.35,125.97,032,1.9,005km S 51° W of Rosario (Agusan Del Sur)
11 June 2019 - 08:26 PM,12.80,126.18,023,4.3,100km N 47° E of San Policarpo (Eastern Samar)
11 June 2019 - 08:16 PM,08.38,125.96,034,2.5,004km S 89° W of Rosario (Agusan Del Sur)
11 June 2019 - 06:00 PM,08.32,125.98,024,2.2,008km S 17° W of Rosario (Agusan Del Sur)
11 June 2019 - 04:55 PM,08.39,125.97,033,2.3,004km N 73° W of Rosario (Agusan Del Sur)
11 June 2019 - 04:23 PM,12.03,124.35,012,3.6,015km N 29° E of Almagro (Western Samar)
11 June 2019 - 01:30 PM,06.56,125.93,025,3.1,019km S 59° W of Governor Generoso (Davao Oriental)
11 June 2019 - 01:00 PM,09.20,123.40,001,2.9,011km N 69° W of San Juan (Siquijor)
11 June 2019 - 12:55 PM,06.03,124.71,010,1.9,011km N 65° E of Kiamba (Sarangani)
11 June 2019 - 11:14 AM,19.17,121.23,026,2.4,027km S 63° W of Calayan (Cagayan)
11 June 2019 - 11:02 AM,12.23,124.85,037,2.3,009km N 27° W of Matuguinao (Western Samar)
11 June 2019 - 10:25 AM,10.21,122.25,011,2.6,043km S 56° E of Anini-y (Antique)
11 June 2019 - 10:08 AM,10.16,122.18,018,2.9,040km S 43° E of Anini-y (Antique)
11 June 2019 - 08:23 AM,15.36,120.10,030,1.8,012km N 45° E of Botolan (Zambales)
11 June 2019 - 07:31 AM,10.35,125.23,030,2.2,003km S 75° W of Hinundayan (Southern Leyte)
11 June 2019 - 07:03 AM,14.33,120.43,169,3.7,013km S 28° W of Mariveles (Bataan)
11 June 2019 - 06:20 AM,03.89,126.23,103,3.7,190km S 26° E of Sarangani (Davao Occidental)
11 June 2019 - 04:45 AM,09.39,126.26,025,3.0,014km N 31° E of Cortes (Surigao Del Sur)
11 June 2019 - 12:31 AM,08.90,126.22,041,3.2,011km S 40° W of Bayabas (Surigao Del Sur)
11 June 2019 - 12:00 AM,06.10,126.80,033,2.5,101km S 53° E of Governor Generoso (Davao Oriental)
10 June 2019 - 11:57 PM,19.12,121.05,021,3.0,047km S 67° W of Calayan (Cagayan)
10 June 2019 - 09:23 PM,05.49,127.36,009,3.1,192km S 48° E of Governor Generoso (Davao Oriental)
10 June 2019 - 09:03 PM,10.01,126.48,021,2.6,044km N 55° E of General Luna (Surigao Del Norte)
10 June 2019 - 08:30 PM,04.00,127.18,102,3.7,247km S 50° E of Sarangani (Davao Occidental)
10 June 2019 - 06:35 PM,09.75,125.10,027,2.0,019km S 08° E of Limasawa (Southern Leyte)
10 June 2019 - 03:16 PM,08.76,126.34,031,2.4,006km S 49° E of Marihatag (Surigao Del Sur)
10 June 2019 - 11:05 AM,14.15,120.50,015,1.9,016km N 60° W of Nasugbu (Batangas)
10 June 2019 - 09:33 AM,14.14,119.32,031,2.6,092km N 70° W of Lubang (Occidental Mindoro)
10 June 2019 - 06:56 AM,09.17,125.59,003,2.6,007km N 39° E of Cabadbaran (Agusan Del Norte)
10 June 2019 - 06:08 AM,05.12,126.29,000,4.2,097km S 69° E of Sarangani (Davao Occidental)
10 June 2019 - 04:10 AM,13.76,120.64,093,2.7,008km S 08° E of Calatagan (Batangas)
10 June 2019 - 03:57 AM,18.37,122.17,005,2.0,010km S 18° E of Santa Ana (Cagayan)
10 June 2019 - 03:48 AM,10.27,125.60,063,2.1,010km S 12° E of Loreto (Dinagat)
10 June 2019 - 02:39 AM,10.36,125.27,001,2.8,003km N 75° E of Hinundayan (Southern Leyte)
10 June 2019 - 02:32 AM,14.92,121.51,009,2.2,022km N 33° W of General Nakar (Quezon)
10 June 2019 - 02:24 AM,09.60,126.65,025,2.4,057km S 69° E of General Luna (Surigao Del Norte)
10 June 2019 - 02:06 AM,07.53,126.03,033,2.1,012km S 37° W of New Bataan (Compostela Valley)
10 June 2019 - 01:16 AM,11.27,124.53,001,2.4,013km S 78° W of Capoocan (Leyte)
10 June 2019 - 01:11 AM,08.13,123.80,031,2.0,006km S 66° W of Ozamis City (Misamis Occidental)
10 June 2019 - 01:03 AM,11.29,124.56,009,3.2,008km S 83° W of Capoocan (Leyte)
10 June 2019 - 12:54 AM,10.31,125.18,004,3.2,010km N 67° W of Anahawan (Southern Leyte)
10 June 2019 - 12:32 AM,06.46,126.15,133,2.8,023km S 22° E of Governor Generoso (Davao Oriental)
10 June 2019 - 12:04 AM,05.76,126.09,143,3.1,065km S 42° E of Don Marcelino (Davao Occidental)
09 June 2019 - 11:44 PM,12.64,124.56,020,2.6,014km N 30° E of San Jose (Northern Samar)
09 June 2019 - 10:01 PM,05.92,126.09,124,1.9,052km N 85° E of Jose Abad Santos (Davao Occidental)
09 June 2019 - 09:58 PM,09.59,126.65,001,2.5,058km S 68° E of General Luna (Surigao Del Norte)
09 June 2019 - 09:44 PM,09.68,126.95,013,3.2,087km S 83° E of General Luna (Surigao Del Norte)
09 June 2019 - 09:28 PM,06.51,126.00,001,2.4,018km S 28° W of Governor Generoso (Davao Oriental)
09 June 2019 - 09:19 PM,07.39,126.87,019,2.4,032km S 78° E of Baculin (Davao Oriental)
09 June 2019 - 08:55 PM,09.64,126.87,006,3.6,080km S 78° E of General Luna (Surigao Del Norte)
09 June 2019 - 05:15 PM,13.82,120.62,075,1.6,002km S 47° W of Calatagan (Batangas)
09 June 2019 - 03:59 PM,05.43,126.10,003,3.1,070km S 89° E of Sarangani (Davao Occidental)
09 June 2019 - 02:47 PM,05.39,126.33,009,3.6,095km S 87° E of Sarangani (Davao Occidental)
09 June 2019 - 02:07 PM,05.64,125.84,011,3.2,047km N 61° E of Sarangani (Davao Occidental)
09 June 2019 - 01:42 PM,05.40,126.31,001,3.2,093km S 88° E of Sarangani (Davao Occidental)
09 June 2019 - 12:43 PM,06.41,126.46,001,2.6,050km S 58° E of Governor Generoso (Davao Oriental)
09 June 2019 - 11:27 AM,06.58,126.23,015,2.8,019km S 65° E of Governor Generoso (Davao Oriental)
09 June 2019 - 11:24 AM,09.47,125.95,011,2.2,011km N 02° E of Carrascal (Surigao Del Sur)
09 June 2019 - 10:58 AM,10.17,125.88,021,1.8,024km N 45° W of Santa Monica (Sapao) (Surigao Del Norte)
09 June 2019 - 10:54 AM,08.46,125.91,021,1.8,009km S 34° W of San Francisco (Agusan Del Sur)
09 June 2019 - 10:54 AM,08.60,126.93,051,2.5,078km S 62° E of Cagwait (Surigao Del Sur)
09 June 2019 - 10:49 AM,12.52,124.86,013,2.5,003km S 46° W of San Roque (Northern Samar)
09 June 2019 - 09:44 AM,09.64,126.19,016,2.2,020km S 50° E of Dapa (Dinagat)
09 June 2019 - 09:41 AM,09.72,125.72,079,2.3,023km N 72° E of Sison (Surigao Del Norte)
09 June 2019 - 08:01 AM,09.89,126.61,025,2.1,051km N 77° E of General Luna (Surigao Del Norte)
09 June 2019 - 07:10 AM,09.96,126.07,033,2.3,007km S 02° W of Burgos (Surigao Del Norte)
09 June 2019 - 06:42 AM,10.41,126.34,016,2.1,052km N 34° E of Burgos (Surigao Del Norte)
09 June 2019 - 04:52 AM,06.58,126.56,034,2.2,053km S 13° E of Tarragona (Davao Oriental)
09 June 2019 - 04:34 AM,17.71,122.59,024,2.6,052km N 36° E of Divilacan (Isabela)
09 June 2019 - 04:34 AM,05.40,126.29,001,3.9,090km S 88° E of Sarangani (Davao Occidental)
09 June 2019 - 04:18 AM,20.06,121.45,030,2.5,053km S 55° W of Sabtang (Batanes)
09 June 2019 - 03:50 AM,06.65,125.50,141,2.5,010km N 21° E of Santa Cruz (Davao Del Sur)
09 June 2019 - 03:48 AM,19.96,121.37,020,3.9,067km S 51° W of Sabtang (Batanes)
09 June 2019 - 03:48 AM,05.38,126.32,005,3.1,094km S 86° E of Sarangani (Davao Occidental)
09 June 2019 - 03:37 AM,20.13,121.31,028,2.1,063km S 68° W of Sabtang (Batanes)
09 June 2019 - 02:57 AM,09.59,126.68,032,3.3,061km S 69° E of General Luna (Surigao Del Norte)
09 June 2019 - 02:39 AM,12.76,124.49,022,2.5,017km N 59° E of Biri (Northern Samar)
09 June 2019 - 01:27 AM,09.50,126.38,017,2.3,040km S 39° E of General Luna (Surigao Del Norte)
09 June 2019 - 12:52 AM,09.58,126.73,008,2.8,066km S 70° E of General Luna (Surigao Del Norte)
09 June 2019 - 12:31 AM,09.70,126.71,018,4.2,062km S 82° E of General Luna (Surigao Del Norte)
09 June 2019 - 12:15 AM,09.68,126.93,014,3.3,085km S 82° E of General Luna (Surigao Del Norte)
09 June 2019 - 12:01 AM,09.71,126.85,006,4.1,076km S 84° E of General Luna (Surigao Del Norte)
08 June 2019 - 11:39 PM,09.59,126.85,001,3.6,079km S 74° E of General Luna (Surigao Del Norte)
08 June 2019 - 11:37 PM,09.64,126.87,005,2.4,079km S 79° E of General Luna (Surigao Del Norte)
08 June 2019 - 11:24 PM,06.29,126.17,020,2.7,042km S 14° E of Governor Generoso (Davao Oriental)
08 June 2019 - 11:14 PM,09.56,127.19,017,2.7,116km S 78° E of General Luna (Surigao Del Norte)
08 June 2019 - 11:12 PM,09.18,125.92,017,1.5,014km S 64° W of Carmen (Surigao Del Sur)
08 June 2019 - 10:49 PM,20.09,121.49,028,3.2,048km S 55° W of Sabtang (Batanes)
08 June 2019 - 10:30 PM,20.27,122.61,043,1.7,071km S 82° E of Uyugan (Batanes)
08 June 2019 - 10:13 PM,05.41,126.03,001,2.4,062km S 88° E of Sarangani (Davao Occidental)
08 June 2019 - 10:09 PM,05.00,126.39,001,3.6,113km S 65° E of Sarangani (Davao Occidental)
08 June 2019 - 09:53 PM,10.41,126.37,020,2.3,054km N 37° E of Burgos (Surigao Del Norte)
08 June 2019 - 09:30 PM,09.54,126.34,017,2.2,034km S 37° E of General Luna (Surigao Del Norte)
08 June 2019 - 09:23 PM,09.65,127.00,002,4.7,098km S 82° E of General Luna (Surigao Del Norte)
08 June 2019 - 08:43 PM,12.90,124.52,032,1.9,030km N 36° E of Biri (Northern Samar)
08 June 2019 - 08:20 PM,12.43,123.86,031,3.3,010km N 84° E of Batuan (Masbate)
08 June 2019 - 07:59 PM,09.53,125.67,020,2.7,008km S 53° W of Claver (Surigao Del Norte)
08 June 2019 - 06:23 PM,13.25,123.99,008,3.5,019km N 42° E of Manito (Albay)
08 June 2019 - 06:01 PM,07.76,127.28,015,3.1,082km N 75° E of Baganga (Davao Oriental)
08 June 2019 - 04:04 PM,07.43,126.50,019,2.2,009km S 71° W of Baculin (Davao Oriental)
08 June 2019 - 03:21 PM,07.69,127.10,008,3.1,061km N 78° E of Baganga (Davao Oriental)
08 June 2019 - 01:46 PM,16.30,119.91,026,4.2,010km S 11° E of Bolinao (Pangasinan)
08 June 2019 - 06:39 AM,13.26,121.86,021,2.7,007km S 14° E of Gasan (Marinduque)
08 June 2019 - 06:11 AM,17.88,120.32,032,2.5,014km N 85° W of Sinait (Ilocos Sur)
08 June 2019 - 05:32 AM,12.90,124.59,016,3.4,035km N 45° E of Biri (Northern Samar)
08 June 2019 - 04:16 AM,16.12,119.87,013,3.0,008km N 87° E of Agno (Pangasinan)
08 June 2019 - 02:19 AM,05.33,125.16,036,4.1,037km S 71° W of Sarangani (Davao Occidental)
08 June 2019 - 01:44 AM,06.52,126.62,115,3.0,061km S 18° E of Tarragona (Davao Oriental)
08 June 2019 - 01:29 AM,20.15,121.92,032,2.3,021km S 12° E of Sabtang (Batanes)
08 June 2019 - 01:16 AM,08.18,125.87,031,2.2,002km S 79° E of Loreto (Agusan Del Sur)
08 June 2019 - 01:10 AM,13.50,120.45,039,2.2,009km N 10° W of Paluan (Occidental Mindoro)
08 June 2019 - 01:01 AM,19.38,120.18,025,2.4,107km N 27° W of Burgos (Ilocos Norte)
08 June 2019 - 12:44 AM,08.16,125.85,028,2.6,003km S 05° W of Loreto (Agusan Del Sur)
08 June 2019 - 12:32 AM,08.56,127.04,001,1.9,080km N 75° E of Hinatuan (Surigao Del Sur)
07 June 2019 - 11:23 PM,12.36,124.01,027,2.2,013km N 46° W of San Vicente (Northern Samar)
07 June 2019 - 11:17 PM,08.91,126.44,026,1.9,015km S 84° E of Cagwait (Surigao Del Sur)
07 June 2019 - 10:48 PM,10.03,126.02,023,2.3,006km N 82° W of Burgos (Surigao Del Norte)
07 June 2019 - 10:33 PM,09.04,122.19,001,3.3,064km S 50° W of Basay (Negros Oriental)
07 June 2019 - 10:11 PM,09.13,122.24,011,3.6,054km S 55° W of Basay (Negros Oriental)
07 June 2019 - 09:46 PM,12.38,123.74,011,2.7,007km S 38° W of Batuan (Masbate)
07 June 2019 - 09:44 PM,06.17,126.64,069,2.8,082km S 50° E of Governor Generoso (Davao Oriental)
07 June 2019 - 09:42 PM,12.31,123.77,001,3.0,012km S 02° W of Batuan (Masbate)
07 June 2019 - 09:02 PM,12.60,124.40,027,1.7,010km S 22° E of Biri (Northern Samar)
07 June 2019 - 08:43 PM,12.64,121.04,003,2.2,012km N 57° E of Calintaan (Occidental Mindoro)
07 June 2019 - 08:33 PM,10.54,124.62,003,2.3,014km N 73° W of Inopacan (Leyte)
07 June 2019 - 08:13 PM,10.03,124.97,033,2.1,015km S 14° W of Malitbog (Southern Leyte)
07 June 2019 - 07:41 PM,09.62,126.22,033,1.9,019km S 20° E of General Luna (Surigao Del Norte)
07 June 2019 - 07:19 PM,09.68,126.21,033,2.1,013km S 24° E of General Luna (Surigao Del Norte)
07 June 2019 - 06:58 PM,09.69,126.20,034,1.7,012km S 27° E of General Luna (Surigao Del Norte)
07 June 2019 - 06:28 PM,09.47,122.30,026,2.3,024km S 66° W of Hinoba-an (Negros Occidental)
07 June 2019 - 06:12 PM,06.20,126.16,030,2.3,050km S 11° E of Governor Generoso (Davao Oriental)
07 June 2019 - 01:43 PM,09.73,125.93,016,2.3,013km S 77° W of Dapa (Dinagat)
07 June 2019 - 11:41 AM,10.81,125.59,022,2.0,029km S 30° W of Guiuan (Eastern Samar)
07 June 2019 - 11:24 AM,17.04,121.75,029,2.2,009km N 81° W of Naguilian (Isabela)
07 June 2019 - 10:11 AM,07.22,125.84,047,2.3,009km N 43° W of Pantukan (Compostela Valley)
07 June 2019 - 08:46 AM,16.16,121.95,027,1.9,002km N 20° W of Dinalungan (Aurora)
07 June 2019 - 07:24 AM,12.48,123.76,032,3.1,006km N 15° W of Batuan (Masbate)
07 June 2019 - 07:03 AM,19.01,120.66,006,2.2,050km N 17° W of Pagudpud (Ilocos Norte)
07 June 2019 - 03:28 AM,09.98,126.16,023,2.4,010km S 67° E of Burgos (Surigao Del Norte)
07 June 2019 - 02:21 AM,08.55,121.69,017,3.1,091km N 41° W of Gutalac (Zamboanga Del Norte)
07 June 2019 - 01:25 AM,07.13,126.13,033,2.5,021km S 01° E of Maragusan (San Mariano) (Compostela Valley)
07 June 2019 - 12:24 AM,09.04,126.58,030,2.8,034km N 77° E of Bayabas (Surigao Del Sur)
07 June 2019 - 12:23 AM,10.32,125.19,019,1.8,007km N 16° E of Cabalian (San Juan) (Southern Leyte)
06 June 2019 - 10:15 PM,12.99,124.81,022,3.5,049km N 15° W of Pambujan (Northern Samar)
06 June 2019 - 09:57 PM,13.22,120.31,023,2.8,028km S 39° W of Paluan (Occidental Mindoro)
06 June 2019 - 08:42 PM,10.32,125.19,001,2.1,007km N 17° E of Cabalian (San Juan) (Southern Leyte)
06 June 2019 - 07:17 PM,08.55,125.80,020,2.2,009km N 42° E of San Luis (Agusan Del Sur)
06 June 2019 - 05:09 PM,05.39,126.27,040,1.9,088km S 87° E of Sarangani (Davao Occidental)
06 June 2019 - 04:24 PM,04.69,126.05,059,3.3,104km S 38° E of Sarangani (Davao Occidental)
06 June 2019 - 03:34 PM,05.49,126.85,056,2.7,144km S 72° E of Jose Abad Santos (Davao Occidental)
06 June 2019 - 03:26 PM,09.40,122.71,001,2.0,008km S 80° E of Basay (Negros Oriental)
06 June 2019 - 03:22 PM,06.35,126.47,052,2.6,055km S 53° E of Governor Generoso (Davao Oriental)
06 June 2019 - 02:55 PM,20.71,122.05,021,2.9,024km S 66° E of Itbayat (Batanes)
06 June 2019 - 12:35 PM,10.00,125.25,036,2.3,007km N 02° E of Pintuyan (Southern Leyte)
06 June 2019 - 12:30 PM,09.76,125.92,033,2.3,026km S 83° W of General Luna (Surigao Del Norte)
06 June 2019 - 11:06 AM,09.76,123.99,023,2.3,002km N 80° E of Balilihan (Bohol)
06 June 2019 - 10:45 AM,05.69,126.56,048,3.0,107km S 78° E of Jose Abad Santos (Davao Occidental)
06 June 2019 - 09:44 AM,03.98,125.81,105,3.6,165km S 13° E of Sarangani (Davao Occidental)
06 June 2019 - 08:05 AM,08.50,126.45,027,1.9,019km N 41° E of Hinatuan (Surigao Del Sur)
06 June 2019 - 06:58 AM,10.58,124.49,004,1.8,007km S 25° E of Tudela (Cebu)
06 June 2019 - 04:41 AM,06.39,124.38,476,5.4,027km N 47° E of Palimbang (Sultan Kudarat)
06 June 2019 - 03:05 AM,13.14,123.77,033,2.2,005km N 86° E of Legazpi City (Albay)
06 June 2019 - 02:54 AM,12.35,120.82,011,3.5,021km S 54° W of Rizal (Occidental Mindoro)
06 June 2019 - 02:51 AM,16.28,122.48,039,2.1,031km S 67° E of Dilasag (Aurora)
06 June 2019 - 02:18 AM,15.45,121.33,018,2.0,008km N 46° W of Dingalan (Aurora)
06 June 2019 - 01:54 AM,11.66,125.80,017,2.5,041km N 82° E of Borongan City(Eastern Samar)
06 June 2019 - 12:51 AM,09.18,126.85,019,2.6,066km N 70° E of Bayabas (Surigao Del Sur)
05 June 2019 - 10:42 PM,17.57,121.53,032,2.1,011km N 43° E of Tabuk (Kalinga)
05 June 2019 - 10:06 PM,09.37,125.52,005,3.7,003km N 21° E of Jabonga (Agusan Del Norte)
05 June 2019 - 08:41 PM,07.29,127.02,033,2.1,050km S 85° E of Caraga (Davao Oriental)
05 June 2019 - 06:46 PM,10.05,126.27,026,2.3,022km N 83° E of Burgos (Surigao Del Norte)
05 June 2019 - 05:14 PM,08.20,126.25,131,3.1,008km S 80° W of Bislig City (Surigao Del Sur)
05 June 2019 - 04:04 PM,15.41,119.90,031,2.1,003km S 13° W of Palauig (Zambales)
05 June 2019 - 11:53 AM,10.00,126.10,032,1.6,004km S 57° E of Burgos (Surigao Del Norte)
05 June 2019 - 10:59 AM,09.58,126.17,017,2.2,022km S 04° E of General Luna (Surigao Del Norte)
05 June 2019 - 09:44 AM,18.28,121.01,028,1.7,003km N 41° W of Calanasan (Apayao)
05 June 2019 - 09:30 AM,18.84,120.95,013,2.1,029km N 29° W of Claveria (Cagayan)
05 June 2019 - 08:36 AM,06.87,125.74,001,2.1,025km S 09° E of Samal (Island Garden City Of Samal) (Davao Del Norte)
05 June 2019 - 07:58 AM,06.08,126.60,031,3.3,086km S 43° E of Governor Generoso (Davao Oriental)
05 June 2019 - 07:47 AM,09.78,126.49,018,2.2,037km S 89° E of General Luna (Surigao Del Norte)
05 June 2019 - 06:14 AM,06.16,126.23,026,3.1,057km S 17° E of Governor Generoso (Davao Oriental)
05 June 2019 - 06:05 AM,02.91,125.79,011,3.6,281km S 07° E of Sarangani (Davao Occidental)
05 June 2019 - 05:53 AM,10.04,125.87,027,1.8,017km N 58° W of San Benito (Surigao Del Norte)
05 June 2019 - 05:05 AM,09.56,126.24,029,2.3,027km S 20° E of General Luna (Surigao Del Norte)
05 June 2019 - 04:57 AM,09.25,125.69,025,2.4,015km S 84° E of Santiago (Agusan Del Norte)
05 June 2019 - 04:26 AM,06.41,126.11,033,2.7,027km S 08° E of Governor Generoso (Davao Oriental)
05 June 2019 - 04:13 AM,09.53,126.45,004,2.1,040km N 45° E of Cortes (Surigao Del Sur)
05 June 2019 - 03:25 AM,12.01,124.01,018,2.6,002km S 75° E of Cataingan (Masbate)
05 June 2019 - 03:12 AM,12.28,120.96,007,2.6,014km S 55° W of San Jose (Occidental Mindoro)
05 June 2019 - 03:06 AM,08.59,127.29,028,3.0,108km N 77° E of Hinatuan (Surigao Del Sur)
05 June 2019 - 01:08 AM,06.11,126.02,116,2.5,038km S 75° E of Don Marcelino (Davao Occidental)
05 June 2019 - 01:05 AM,12.99,124.69,014,3.4,050km N 46° E of Biri (Northern Samar)
05 June 2019 - 12:31 AM,15.06,119.79,033,1.9,030km S 89° W of San Felipe (Zambales)
05 June 2019 - 12:11 AM,06.33,123.70,033,2.1,048km S 55° W of Kalamansig (Sultan Kudarat)
04 June 2019 - 11:42 PM,06.87,126.82,022,3.3,046km S 65° E of Tarragona (Davao Oriental)
04 June 2019 - 11:04 PM,08.65,122.65,033,2.2,046km N 63° W of Jose Dalman (Ponot) (Zamboanga Del Norte)
04 June 2019 - 06:48 PM,06.47,126.79,082,2.6,074km S 31° E of Tarragona (Davao Oriental)
04 June 2019 - 02:36 PM,05.41,127.28,119,2.9,192km S 44° E of Governor Generoso (Davao Oriental)
04 June 2019 - 02:27 PM,10.11,126.21,019,2.0,019km N 56° E of Burgos (Surigao Del Norte)
04 June 2019 - 01:49 PM,09.34,126.61,010,2.5,047km N 82° E of Cortes (Surigao Del Sur)
04 June 2019 - 11:51 AM,06.10,125.71,151,2.0,011km S 07° E of Don Marcelino (Davao Occidental)
04 June 2019 - 10:59 AM,15.92,121.41,003,1.8,015km N 26° W of Maria Aurora (Aurora)
04 June 2019 - 06:24 AM,06.81,125.92,009,2.7,014km S 45° W of Lupon (Davao Oriental)
04 June 2019 - 04:34 AM,04.49,125.31,091,2.7,106km S 10° W of Sarangani (Davao Occidental)
04 June 2019 - 03:02 AM,10.42,124.35,014,2.4,026km S 08° W of San Francisco (Cebu)
04 June 2019 - 01:30 AM,17.62,121.34,060,1.9,008km N 51° W of Pinukpuk (Kalinga)
04 June 2019 - 01:23 AM,10.36,125.16,001,2.6,005km S 47° W of Hinunangan (Southern Leyte)
04 June 2019 - 01:22 AM,17.56,121.46,009,2.3,008km S 80° E of Pinukpuk (Kalinga)
04 June 2019 - 01:10 AM,10.33,125.24,001,2.7,003km S 29° W of Hinundayan (Southern Leyte)
04 June 2019 - 12:44 AM,10.54,125.36,020,2.6,022km N 88° E of Silago (Southern Leyte)
04 June 2019 - 12:37 AM,09.40,126.42,027,2.5,028km N 60° E of Cortes (Surigao Del Sur)
04 June 2019 - 12:31 AM,06.03,126.82,035,3.2,107km S 50° E of Governor Generoso (Davao Oriental)
04 June 2019 - 12:08 AM,12.40,123.78,006,3.1,003km S 07° E of Batuan (Masbate)
03 June 2019 - 11:06 PM,17.31,120.62,066,2.6,009km N 30° E of San Emilio (Ilocos Sur)
03 June 2019 - 10:43 PM,10.40,125.20,001,3.3,000km N 18° W of Hinunangan (Southern Leyte)
03 June 2019 - 09:54 PM,11.49,124.48,001,2.4,007km N 53° E of Calubian (Leyte)
03 June 2019 - 09:51 PM,13.34,120.44,008,2.5,008km S 20° W of Paluan (Occidental Mindoro)
03 June 2019 - 08:21 PM,06.06,126.72,040,1.9,097km S 48° E of Governor Generoso (Davao Oriental)
03 June 2019 - 08:21 PM,06.12,126.84,032,2.6,103km S 55° E of Governor Generoso (Davao Oriental)
03 June 2019 - 07:23 PM,10.23,125.08,001,2.2,008km S 26° E of Libagon (Southern Leyte)
03 June 2019 - 06:56 PM,12.31,123.78,001,2.9,012km S 03° E of Batuan (Masbate)
03 June 2019 - 05:42 PM,12.37,123.72,007,4.3,008km S 40° W of Batuan (Masbate)
03 June 2019 - 05:33 PM,07.17,126.56,127,2.4,005km S 27° E of Manay (Davao Oriental)
03 June 2019 - 04:12 PM,16.88,119.46,006,3.3,071km N 40° W of Bolinao (Pangasinan)
03 June 2019 - 01:24 PM,08.92,126.56,020,3.5,028km N 90° E of Cagwait (Surigao Del Sur)
03 June 2019 - 12:52 PM,17.97,122.10,017,2.0,034km S 19° E of Gonzaga (Cagayan)
03 June 2019 - 12:49 PM,18.16,120.99,018,1.8,012km S 18° W of Calanasan (Apayao)
03 June 2019 - 12:01 PM,09.20,126.25,019,2.2,011km S 38° E of Cortes (Surigao Del Sur)
03 June 2019 - 11:42 AM,13.67,120.66,108,2.3,018km S 10° E of Calatagan (Batangas)
03 June 2019 - 07:07 AM,15.43,119.76,034,2.1,015km S 88° W of Palauig (Zambales)
03 June 2019 - 06:32 AM,09.72,126.41,011,2.9,028km S 77° E of General Luna (Surigao Del Norte)
03 June 2019 - 04:45 AM,06.36,126.60,054,3.0,066km S 61° E of Governor Generoso (Davao Oriental)
03 June 2019 - 04:18 AM,06.56,126.88,157,2.3,072km S 42° E of Tarragona (Davao Oriental)
03 June 2019 - 03:44 AM,06.09,126.81,030,2.0,103km S 53° E of Governor Generoso (Davao Oriental)
03 June 2019 - 03:17 AM,06.17,126.66,063,2.6,083km S 51° E of Governor Generoso (Davao Oriental)
03 June 2019 - 03:14 AM,15.12,120.29,026,2.0,023km N 24° E of Castillejos (Zambales)
03 June 2019 - 03:03 AM,06.34,126.39,025,3.3,049km S 46° E of Governor Generoso (Davao Oriental)
03 June 2019 - 02:31 AM,05.83,127.09,111,2.8,145km S 51° E of Governor Generoso (Davao Oriental)
03 June 2019 - 02:24 AM,20.22,120.80,034,2.8,113km S 83° W of Sabtang (Batanes)
03 June 2019 - 02:12 AM,12.52,120.93,007,2.7,009km N 32° W of Rizal (Occidental Mindoro)
03 June 2019 - 02:01 AM,05.59,126.86,029,4.2,146km S 37° E of Governor Generoso (Davao Oriental)
03 June 2019 - 01:40 AM,05.65,126.82,009,3.9,136km S 79° E of Jose Abad Santos (Davao Occidental)
03 June 2019 - 01:26 AM,06.21,126.62,073,3.3,078km S 51° E of Governor Generoso (Davao Oriental)
03 June 2019 - 12:34 AM,16.03,119.80,031,2.2,008km S 63° W of Burgos (Pangasinan)
03 June 2019 - 12:21 AM,15.09,120.35,021,2.3,024km N 42° E of Castillejos (Zambales)
02 June 2019 - 11:41 PM,09.28,123.20,008,2.3,008km S 89° W of Luzurriaga (Valencia) (Negros Oriental)
02 June 2019 - 10:12 PM,06.02,126.86,033,2.5,111km S 51° E of Governor Generoso (Davao Oriental)
02 June 2019 - 08:05 PM,06.99,126.58,167,3.2,016km S 68° E of Tarragona (Davao Oriental)
02 June 2019 - 06:49 PM,11.38,125.68,010,3.0,009km N 42° E of Hernani (Eastern Samar)
02 June 2019 - 05:58 PM,06.08,126.80,029,2.4,102km S 52° E of Governor Generoso (Davao Oriental)
02 June 2019 - 04:28 PM,09.33,123.18,004,3.3,011km N 66° W of Luzurriaga (Valencia) (Negros Oriental)
02 June 2019 - 01:07 PM,18.68,120.84,020,3.2,012km N 24° E of Pagudpud (Ilocos Norte)
02 June 2019 - 11:27 AM,19.15,121.02,010,3.3,049km S 73° W of Calayan (Cagayan)
02 June 2019 - 10:40 AM,19.07,121.41,023,2.8,024km S 13° W of Calayan (Cagayan)
02 June 2019 - 10:32 AM,09.72,126.31,007,3.3,018km S 68° E of General Luna (Surigao Del Norte)
02 June 2019 - 09:31 AM,18.97,121.56,024,2.6,036km S 16° E of Calayan (Cagayan)
02 June 2019 - 09:26 AM,09.71,126.19,030,2.0,010km S 26° E of General Luna (Surigao Del Norte)
02 June 2019 - 09:00 AM,08.76,124.71,110,2.9,009km N 78° W of Balingasag (Misamis Oriental)
02 June 2019 - 08:17 AM,10.42,126.69,018,3.1,081km N 57° E of Burgos (Surigao Del Norte)
02 June 2019 - 08:10 AM,06.70,126.42,048,2.6,038km S 05° W of Tarragona (Davao Oriental)
02 June 2019 - 05:24 AM,18.14,121.04,033,2.0,013km S 07° E of Calanasan (Apayao)
02 June 2019 - 04:48 AM,16.24,120.10,017,2.1,030km S 81° W of Santo Tomas (La Union)
02 June 2019 - 04:32 AM,15.16,120.29,033,1.6,025km N 36° E of San Marcelino (Zambales)
02 June 2019 - 03:25 AM,07.67,126.00,026,2.2,003km S 14° E of Montevista (Compostela Valley)
02 June 2019 - 01:40 AM,07.89,126.79,020,1.9,039km N 73° E of Cateel (Davao Oriental)
02 June 2019 - 01:14 AM,07.94,126.99,008,4.0,064km S 80° E of Lingig (Surigao Del Sur)
02 June 2019 - 12:08 AM,09.18,122.28,008,3.4,047km S 57° W of Basay (Negros Oriental)
01 June 2019 - 11:38 PM,05.55,126.39,022,3.0,093km S 67° E of Jose Abad Santos (Davao Occidental)
01 June 2019 - 09:01 PM,19.21,121.05,013,3.6,044km S 80° W of Calayan (Cagayan)
01 June 2019 - 08:48 PM,12.01,120.79,001,2.9,053km S 22° W of Rizal (Occidental Mindoro)
01 June 2019 - 07:40 PM,06.67,126.21,028,2.8,015km N 82° E of Governor Generoso (Davao Oriental)
01 June 2019 - 07:27 PM,12.22,120.85,004,3.3,029km S 27° W of Rizal (Occidental Mindoro)
01 June 2019 - 06:42 PM,06.09,126.81,038,2.3,102km S 52° E of Governor Generoso (Davao Oriental)
01 June 2019 - 06:13 PM,06.03,126.82,032,3.0,108km S 50° E of Governor Generoso (Davao Oriental)
01 June 2019 - 05:45 PM,06.09,126.70,076,5.4,093km S 48° E of Governor Generoso (Davao Oriental)
01 June 2019 - 05:37 PM,10.30,126.12,003,2.2,032km N 10° E of Burgos (Surigao Del Norte)
01 June 2019 - 04:11 PM,05.65,125.58,036,3.2,026km S 08° W of Jose Abad Santos (Davao Occidental)
01 June 2019 - 03:58 PM,04.38,126.50,086,3.6,163km S 44° E of Sarangani (Davao Occidental)
01 June 2019 - 03:36 PM,07.12,126.75,009,2.5,025km S 66° E of Manay (Davao Oriental)
01 June 2019 - 02:16 PM,09.18,125.72,021,2.3,020km N 72° E of Cabadbaran (Agusan Del Norte)
01 June 2019 - 01:10 PM,12.37,120.86,007,2.8,015km S 51° W of Rizal (Occidental Mindoro)
01 June 2019 - 11:29 AM,06.08,126.78,029,2.2,100km S 51° E of Governor Generoso (Davao Oriental)
01 June 2019 - 10:48 AM,05.81,126.12,029,2.1,057km S 82° E of Jose Abad Santos (Davao Occidental)
01 June 2019 - 07:50 AM,14.35,120.06,030,2.4,043km S 31° W of Morong (Bataan)
01 June 2019 - 06:21 AM,05.20,126.39,034,2.8,115km S 49° E of Jose Abad Santos (Davao Occidental)
01 June 2019 - 05:18 AM,10.23,125.29,022,1.8,006km S 36° E of Anahawan (Southern Leyte)
01 June 2019 - 05:08 AM,05.99,126.78,034,2.4,106km S 47° E of Governor Generoso (Davao Oriental)
01 June 2019 - 04:54 AM,06.02,126.77,034,2.6,103km S 48° E of Governor Generoso (Davao Oriental)
01 June 2019 - 04:35 AM,12.60,123.48,007,3.0,012km N 43° E of Aroroy (Masbate)
01 June 2019 - 04:12 AM,05.45,125.85,113,2.5,042km N 87° E of Sarangani (Davao Occidental)
01 June 2019 - 03:39 AM,18.94,120.93,022,2.8,"040
      km N 23° W of Claveria (Cagayan)"
01 June 2019 - 03:21 AM,09.76,122.49,024,2.2,"023
      km N 01° W of Hinoba-an (Negros Occidental)"
01 June 2019 - 03:09 AM,06.17,126.64,061,2.5,082km S 49° E of Governor Generoso (Davao Oriental)
01 June 2019 - 03:05 AM,08.87,126.51,025,2.4,025km N 71° E of Marihatag (Surigao Del Sur)
01 June 2019 - 02:56 AM,19.14,121.24,019,3.0,"028
      km S 56° W of Calayan (Cagayan)"
01 June 2019 - 02:27 AM,10.25,125.22,005,2.1,005km S 58° W of Anahawan (Southern Leyte)
01 June 2019 - 01:19 AM,18.75,120.71,007,2.8,"021
      km N 24° E of Pagudpud (Ilocos Norte)"
01 June 2019 - 01:05 AM,06.08,126.67,052,2.9,"091
      km S 46° E of Governor Generoso (Davao Oriental)"
01 June 2019 - 12:33 AM,09.56,126.04,032,1.8,010km S 49° E of Socorro (Surigao Del Norte)
01 June 2019 - 12:21 AM,09.78,125.86,001,2.1,016km S 51° W of Del Carmen (Surigao Del Norte)
